Word,Count
the,2380
a,2022
be,1310
form,1117
in,1059
to,896
*,775
{@link,736
or,732
,728
value,642
<p>This,642
(in,548
reference,535
theme,535
<p>Must,535
attribute,535
is,499
can,416
of,381
found,377
array,372
where,370
offset,368
attribute's,368
@attr,368
symbol,368
<tr><td><code>{@link,368
name,368
@see,368
\value,\,304
resource,283
this,280
type,276
may,274
also,274
containing,274
\"\<code>@[<i>package</i>:]<i>type</i>:<i>name</i></code>"\)\,274
\"\<code>?[<i>package</i>:][<i>type</i>:]<i>name</i></code>"\)\,274
\resource,\,261
another,261
\"\<code>?[<i>package</i>:][<i>type</i>:]<i>name</i></code>"\\,261
\"\<code>@[+][<i>package</i>:]<i>type</i>:<i>name</i></code>"\\,261
/>,214
\align="\left"\\,214
<colgroup,214
as,195
such,195
with,169
on,126
point,125
floating,125
number,123
which,123
appended,123
#AppCompatTheme},112
unit,112
\(inches),\,111
\(pixels),\,111
(millimeters),111
Available,111
sp,111
\"\<code>14.5sp</code>"\\,111
dp,111
px,111
preferred,111
dimension,111
based,111
mm,111
(density-independent,111
font,111
\pixels),\,111
pixels,111
(scaled,111
\size),\,111
are:,111
units,111
</table>,86
<table>,86
following,86
for,80
either,74
<p>May,72
string,68
characters,68
unicode,68
'\\n',68
escape,68
'\\;',68
character,68
'\\uxxxx',68
using,68
\"\<code>true</code>"\\,62
\"\<code>false</code>"\\,62
boolean,62
that,48
\"\<code>#<i>rrggbb</i></code>"\,\,47
\"\<code>#<i>argb</i></code>"\,\,47
color,47
\"\<code>#<i>rgb</i></code>"\,\,47
\"\<code>#<i>aarrggbb</i></code>"\\,47
used,46
Attributes,46
<tr><th>Attribute</th><th>Description</th></tr>,44
attributes:</p>,44
<p>Includes,44
<tr><th>Constant</th><th>Value</th><th>Description</th></tr>,42
constant,42
one,42
values.</p>,42
by,39
#ActionBar},27
#Toolbar},25
%,24
suffix,24
#MenuItem},17
=,17
#SearchView},17
},15
intent,14
Created,14
This,13
was,13
#CardView},13
means,12
\"\<code>14.5%</code>"\\,12
size;,12
always,12
parent,12
size,12
percentage,12
fractional,12
more,12
container,12
base,12
%p,12
relative,12
\%p,\,12
provides,12
some,12
The,12
optional,12
data,12
DO,11
generated,11
NOT,11
MODIFY,11
#SwitchCompat},10
from,10
TODO:,10
it,9
Usu√°rio,9
modified,9
#LinearLayoutCompat},9
#TextAppearance},9
should,9
FILE,9
AUTO-GENERATED,9
It,9
automatically,9
class,9
aapt,9
hand,9
tool,9
not,9
#DrawerArrowToggle},8
#MenuView},8
{,8
auto-generated,8
#Section},7
list,7
#Corpus},7
#IMECorpus},6
signed,6
<tr><td><code>none</code></td><td>0</td><td></td></tr>,6
If,6
#GlobalSearch},6
#com_facebook_like_view},6
'|'),6
==,6
into,6
#ActionMode},6
#AlertDialog},6
textview.animateText(text_resources[position]);,6
#ShadowLayout},6
(separated,6
user,6
See,6
#MenuGroup},6
if(position,5
#View},5
public,5
void,5
#Spinner},5
<tr><td><code>src_atop</code></td><td>9</td><td></td></tr>,4
//textview.setText(text_resources[position]);,4
else,4
add,4
i,4
listener,4
User,4
ATTENTION:,4
(ImageView),4
<tr><td><code>standard</code></td><td>0</td><td></td></tr>,4
URL,4
result,4
web,4
#LinearLayoutCompat_Layout},4
<tr><td><code>screen</code></td><td>15</td><td></td></tr>,4
<tr><td><code>src_in</code></td><td>5</td><td></td></tr>,4
will,4
an,4
and,4
loadFetishList();,4
\permissions,\,4
implement,4
information,4
content,4
String[],4
handle,4
page,4
Indexing,4
app,4
<tr><td><code>src_over</code></td><td>3</td><td></td></tr>,4
ActivityCompat#requestPermissions,4
#com_facebook_login_view},4
<tr><td><code>multiply</code></td><td>14</td><td></td></tr>,4
sign,4
https://g.co/AppIndexing/AndroidStudio,4
ImageView,4
sure,4
App,4
API,4
correct,4
#SignInButton},3
android.R.attr#id},3
textview,3
textview.setAnimateType(HTextViewType.SCALE);,3
#ViewStubCompat},3
#CompoundButton},3
#LoadingImageView},3
pit.feat:popupTheme}</code></td><td></td></tr>,3
pit.feat.R.attr#popupTheme},3
group,3
@Override,3
pit.feat:popupTheme,3
dot1.setImageDrawable(ctx.getDrawable(R.drawable.nonselecteditem_dot));,3
#ViewBackgroundHelper},3
android:id,3
0;,3
HTextView,3
android:id}</code></td><td></td></tr>,3
#AppCompatTheme_dropDownListViewStyle,2
<tr><td><code>match_global_nicknames</code></td><td>1</td><td></td></tr>,2
#CardView_cardUseCompatPadding,2
<tr><td><code>tabMode</code></td><td>2</td><td></td></tr>,2
#AppCompatTheme_actionModePopupWindowStyle,2
Here,2
pit.feat:subtitle}</code></td><td></td></tr>,2
#LinearLayoutCompat_android_gravity,2
#ActionBar_background,2
#CardView_cardCornerRadius,2
#Section_subsectionSeparator,2
state,2
<,2
dotsCount;,2
pit.feat.R.attr#contentInsetStart},2
<tr><td><code>page</code></td><td>2</td><td></td></tr>,2
View,2
pit.feat:logo,2
display,2
#AppCompatTheme_actionModeCutDrawable,2
view,2
#CardView_contentPadding,2
item,2
..,2
#AppCompatTheme_listPreferredItemHeightSmall,2
#MenuItem_android_checkable,2
<tr><td><code>plain</code></td><td>0</td><td></td></tr>,2
#Spinner_android_popupBackground,2
#MenuGroup_android_menuCategory,2
#ActionBar_progressBarStyle,2
link,2
#LinearLayoutCompat_showDividers,2
#AppCompatTheme_imageButtonStyle,2
you,2
#DrawerArrowToggle_spinBars,2
#com_facebook_login_view_com_facebook_confirm_logout,2
#SwitchCompat_splitTrack,2
#AppCompatTheme_alertDialogButtonGroupStyle,2
android:menuCategory}</code></td><td></td></tr>,2
android:gravity,2
Add,2
#LinearLayoutCompat_android_weightSum,2
#ActionMode_subtitleTextStyle,2
#Section_sectionFormat,2
#AppCompatTheme_ratingBarStyleSmall,2
#MenuItem_showAsAction,2
#SearchView_defaultQueryHint,2
pit.feat:background,2
#View_paddingStart,2
#AppCompatTheme_actionBarTabTextStyle,2
pit.feat.R.attr#height},2
#GlobalSearch_defaultIntentData,2
<tr><td><code>intent_data</code></td><td>4</td><td></td></tr>,2
#AppCompatTheme_searchViewStyle,2
#SearchView_closeIcon,2
<tr><td><code>demote_rfc822_hostnames</code></td><td>3</td><td></td></tr>,2
notified,2
<tr><td><code>bottom</code></td><td>0</td><td></td></tr>,2
#ActionBar_titleTextStyle,2
#View_theme,2
#ActionBar_homeLayout,2
#com_facebook_like_view_com_facebook_object_type,2
#Toolbar_titleMarginEnd,2
#ListPopupWindow_android_dropDownHorizontalOffset,2
#SearchView_iconifiedByDefault,2
#AppCompatTheme_actionBarStyle,2
pit.feat.R.attr#homeAsUpIndicator},2
#AlertDialog_listLayout,2
<tr><td><code>index_entity_types</code></td><td>6</td><td></td></tr>,2
#TextAppearance_android_textStyle,2
#ActionBar_backgroundSplit,2
#ViewStubCompat_android_inflatedId,2
#Toolbar_titleMarginBottom,2
#SwitchCompat_android_thumb,2
matches,2
#Section_sectionId,2
#IMECorpus_userInputTag,2
#ActionBar_contentInsetRight,2
pit.feat:titleTextStyle,2
pit.feat:height}</code></td><td></td></tr>,2
#CardView_contentPaddingTop,2
///////////////////q,2
#ActionBarLayout_android_layout_gravity,2
#DrawerArrowToggle_color,2
#CardView_contentPaddingBottom,2
missing,2
#AppCompatTheme_colorControlActivated,2
#AppCompatTheme_dropdownListPreferredItemHeight,2
#AppCompatImageView_srcCompat,2
#AppCompatTheme_textColorSearchUrl,2
pit.feat:backgroundSplit,2
android:focusable}</code></td><td></td></tr>,2
android:orderInCategory}</code></td><td></td></tr>,2
#FeatureParam_paramValue,2
#ActionBar_height,2
#IMECorpus_userInputValue,2
android.R.attr#gravity},2
#MenuItem_android_checked,2
#AppCompatTheme_actionBarPopupTheme,2
#LinearLayoutCompat_Layout_android_layout_width,2
<tr><td><code>showCustom</code></td><td>0x10</td><td></td></tr>,2
#MenuItem_actionLayout,2
#MenuView_preserveIconSpacing,2
#AppCompatTheme_seekBarStyle,2
pit.feat.R.attr#logo},2
#SearchView_commitIcon,2
pit.feat:contentInsetStart}</code></td><td></td></tr>,2
#com_facebook_like_view_com_facebook_auxiliary_view_position,2
#PopupWindow},2
#DrawerArrowToggle_gapBetweenBars,2
<tr><td><code>disableHome</code></td><td>0x20</td><td></td></tr>,2
#AppCompatTheme_actionModeCloseDrawable,2
<tr><td><code>intent_action</code></td><td>3</td><td></td></tr>,2
#TextAppearance_android_textSize,2
#AppCompatTheme_actionOverflowMenuStyle,2
#Toolbar_popupTheme,2
#AppCompatTheme_buttonBarNeutralButtonStyle,2
#FeatureParam_paramName,2
activity's,2
#ActionMode_backgroundSplit,2
#CardView_contentPaddingLeft,2
#ActionBar_popupTheme,2
<tr><td><code>pixelate</code></td><td>6</td><td></td></tr>,2
have,2
#Corpus_perAccountTemplate,2
Group,2
#SwitchCompat_switchMinWidth,2
<tr><td><code>omnibox_title_section</code></td><td>5</td><td></td></tr>,2
#AppCompatTheme_actionOverflowButtonStyle,2
#Toolbar_subtitle,2
<tr><td><code>evaporate</code></td><td>1</td><td></td></tr>,2
<tr><td><code>listMode</code></td><td>1</td><td></td></tr>,2
0){,2
android.R.attr#windowAnimationStyle},2
<tr><td><code>omnibox_url_section</code></td><td>4</td><td></td></tr>,2
05/06/2016,2
#ActionMode_height,2
#SignInButton_colorScheme,2
#AppCompatTheme_textAppearanceLargePopupMenu,2
shrink,2
int[],2
#ShadowLayout_sl_shadowColor,2
#AlertDialog_multiChoiceItemLayout,2
#AppCompatTheme_alertDialogTheme,2
#AppCompatTheme_actionBarTabBarStyle,2
#AppCompatTheme_editTextBackground,2
#AppCompatTheme_ratingBarStyle,2
<tr><td><code>auto</code></td><td>2</td><td></td></tr>,2
#AppCompatTheme_actionBarSize,2
#SearchView_layout,2
#AppCompatTheme_actionDropDownStyle,2
17/05/2016,2
android:layout_gravity,2
#AppCompatTheme_textAppearanceListItem,2
<tr><td><code>adjust_width</code></td><td>1</td><td></td></tr>,2
#GlobalSearch_defaultIntentAction,2
<tr><td><code>box_count</code></td><td>2</td><td></td></tr>,2
#LinearLayoutCompat_android_orientation,2
#TextAppearance_textAllCaps,2
request,2
#MenuView_android_windowAnimationStyle,2
#ActionBar_displayOptions,2
#AppCompatTheme_android_windowAnimationStyle,2
integer,2
android:layout,2
#com_facebook_like_view_com_facebook_foreground_color,2
(LinearLayout),2
null,2
#ActionBar_icon,2
#SearchView_queryHint,2
pit.feat:divider}</code></td><td></td></tr>,2
initialize,2
#GlobalSearch_searchLabel,2
#ShadowLayout_sl_fillColor,2
\Otherwise,\,2
#AppCompatImageView_android_src,2
#Toolbar_subtitleTextColor,2
#MenuGroup_android_enabled,2
\"\<code>1.2</code>"\\,2
#View_android_focusable,2
#com_facebook_like_view_com_facebook_horizontal_alignment,2
#SearchView_goIcon,2
\requestCode,\,2
android:layout}</code></td><td></td></tr>,2
Array,2
#IMECorpus_inputEnabled,2
#DrawerArrowToggle_arrowHeadLength,2
<tr><td><code>instant_message</code></td><td>2</td><td></td></tr>,2
pit.feat.R.attr#divider},2
#ButtonBarLayout_allowStacking,2
#SwitchCompat_thumbTextPadding,2
#AppCompatTheme_windowActionModeOverlay,2
<tr><td><code>homeAsUp</code></td><td>0x4</td><td></td></tr>,2
#LoadingImageView_imageAspectRatioAdjust,2
#AppCompatTheme_actionModeWebSearchDrawable,2
#AppCompatTheme_checkedTextViewStyle,2
#AppCompatTheme_autoCompleteTextViewStyle,2
#AppCompatTheme_alertDialogStyle,2
#AppCompatTheme_colorControlHighlight,2
pit.feat:divider,2
#MenuGroup_android_visible,2
#AppCompatTheme_textColorAlertDialogListItem,2
pit.feat:contentInsetLeft}</code></td><td></td></tr>,2
#DrawerArrowToggle_barLength,2
pit.feat.R.attr#subtitle},2
(HTextView),2
#AppCompatTheme_popupMenuStyle,2
<tr><td><code>right</code></td><td>2</td><td></td></tr>,2
make,2
#LinearLayoutCompat_Layout_android_layout_weight,2
#CardView_contentPaddingRight,2
#TextAppearance_android_shadowDy,2
#ViewStubCompat_android_layout,2
(int,2
overriding,2
#ActionBar_contentInsetStart,2
<tr><td><code>intent_extra_data</code></td><td>6</td><td></td></tr>,2
#SwitchCompat_switchPadding,2
#AppCompatTheme_actionBarSplitStyle,2
#MenuItem_android_menuCategory,2
#SearchView_android_focusable,2
#TextAppearance_android_shadowColor,2
#ViewStubCompat_android_id,2
#MenuItem_android_titleCondensed,2
#AppCompatTheme_borderlessButtonStyle,2
#SearchView_queryBackground,2
android.R.attr#visible},2
#AppCompatTheme_colorAccent,2
#AppCompatTheme_actionBarWidgetTheme,2
//Callback,2
<tr><td><code>open_graph</code></td><td>1</td><td></td></tr>,2
#AppCompatTheme_checkboxStyle,2
#AppCompatTheme_windowActionBar,2
#Toolbar_subtitleTextAppearance,2
#AlertDialog_android_layout,2
float,2
<tr><td><code>never_display</code></td><td>2</td><td></td></tr>,2
<tr><td><code>adjust_height</code></td><td>2</td><td></td></tr>,2
#AppCompatTheme_panelBackground,2
#ActionBar_progressBarPadding,2
#com_facebook_profile_picture_view},2
#GlobalSearch_settingsDescription,2
<tr><td><code>useLogo</code></td><td>0x1</td><td></td></tr>,2
check,2
<tr><td><code>always</code></td><td>2</td><td></td></tr>,2
<tr><td><code>ifRoom</code></td><td>1</td><td></td></tr>,2
grantResults),2
#AppCompatTheme_toolbarStyle,2
case,2
#MenuView_android_itemIconDisabledAlpha,2
#AppCompatTheme_alertDialogCenterButtons,2
pit.feat:subtitle,2
#DrawerArrowToggle_arrowShaftLength,2
#CardView_android_minWidth,2
here,2
#DrawerArrowToggle_thickness,2
#AppCompatTheme_windowFixedHeightMinor,2
pit.feat:background}</code></td><td></td></tr>,2
<tr><td><code>contact</code></td><td>1</td><td></td></tr>,2
#AppCompatTheme_actionModeBackground,2
#com_facebook_profile_picture_view_com_facebook_preset_size,2
#ShadowLayout_sl_dx,2
#AppCompatTheme_buttonBarPositiveButtonStyle,2
#Toolbar_navigationIcon,2
android:minWidth,2
#FeatureParam},2
<tr><td><code>light</code></td><td>1</td><td></td></tr>,2
pit.feat:textAllCaps}</code></td><td></td></tr>,2
<tr><td><code>icon_uri</code></td><td>2</td><td></td></tr>,2
#MenuItem_android_onClick,2
#ShadowLayout_sl_dy,2
pit.feat.R.attr#backgroundSplit},2
shown,2
#ActionMode_closeItemLayout,2
#com_facebook_login_view_com_facebook_tooltip_mode,2
\content,\,2
<tr><td><code>sparkle</code></td><td>3</td><td></td></tr>,2
#ActionMode_background,2
android.R.attr#layout_gravity},2
pit.feat:homeAsUpIndicator,2
android:windowAnimationStyle,2
#View_android_theme,2
#GlobalSearchSection_sectionType,2
#MenuItem_android_orderInCategory,2
#Spinner_android_entries,2
#MenuView_android_headerBackground,2
pit.feat:contentInsetRight,2
dot4.setImageDrawable(ctx.getDrawable(R.drawable.nonselecteditem_dot));,2
#com_facebook_login_view_com_facebook_logout_text,2
#LinearLayoutCompat_Layout_android_layout_gravity,2
#AppCompatTheme_actionBarDivider,2
<tr><td><code>small</code></td><td>-2</td><td></td></tr>,2
#com_facebook_profile_picture_view_com_facebook_is_cropped,2
#ActionBar_homeAsUpIndicator,2
handled,2
#AppCompatTheme_controlBackground,2
#SwitchCompat_android_textOn,2
#IMECorpus_userInputSection,2
item_view.findViewById(R.id.text_viewPager);,2
permission,2
\"\<code>100</code>"\\,2
<tr><td><code>display_always</code></td><td>1</td><td></td></tr>,2
#AppCompatTheme_actionMenuTextAppearance,2
#AppCompatTheme_homeAsUpIndicator,2
pit.feat:contentInsetEnd}</code></td><td></td></tr>,2
#Spinner_android_dropDownWidth,2
android.R.attr#focusable},2
#GlobalSearchCorpus_allowShortcuts,2
#LoadingImageView_circleCrop,2
file,2
<tr><td><code>automatic</code></td><td>0</td><td></td></tr>,2
Result,2
#ActionBar_title,2
#AppCompatTheme_listChoiceBackgroundIndicator,2
pit.feat:height,2
pit.feat:backgroundSplit}</code></td><td></td></tr>,2
onRequestPermissionsResult(int,2
action,2
#AppCompatTheme_colorControlNormal,2
:,2
pit.feat:contentInsetLeft,2
#ViewBackgroundHelper_backgroundTintMode,2
details,2
#AppCompatTheme_windowMinWidthMajor,2
#Toolbar_titleTextAppearance,2
#MenuItem_actionViewClass,2
<tr><td><code>center</code></td><td>0</td><td></td></tr>,2
#Spinner_android_prompt,2
#ActivityChooserView_expandActivityOverflowButtonDrawable,2
<tr><td><code>unknown</code></td><td>0</td><td></td></tr>,2
#ActionBar_backgroundStacked,2
android:gravity}</code></td><td></td></tr>,2
#AppCompatTheme_actionBarTabStyle,2
Consider,2
<tr><td><code>withText</code></td><td>4</td><td></td></tr>,2
then,2
#MenuGroup_android_orderInCategory,2
logic,2
<tr><td><code>text1</code></td><td>0</td><td></td></tr>,2
#AlertDialog_listItemLayout,2
#AppCompatTheme_colorPrimaryDark,2
auth,2
#AppCompatTheme_dialogPreferredPadding,2
#SwitchCompat_showText,2
#MenuItem_android_icon,2
#Section_schemaOrgProperty,2
#PopupWindow_android_popupBackground,2
#SearchView_searchHintIcon,2
#SignInButton_buttonSize,2
deep,2
android:minHeight,2
raw,2
#CardView_cardBackgroundColor,2
<tr><td><code>middle</code></td><td>2</td><td></td></tr>,2
<tr><td><code>dark</code></td><td>0</td><td></td></tr>,2
#CardView_cardElevation,2
title,2
#HTextView_animateType,2
#AppCompatTheme_windowMinWidthMinor,2
pit.feat:title,2
#Toolbar_collapseContentDescription,2
<tr><td><code>html</code></td><td>1</td><td></td></tr>,2
#AppCompatTheme_actionModeFindDrawable,2
<tr><td><code>url</code></td><td>3</td><td></td></tr>,2
#ActionMode_titleTextStyle,2
#View_paddingEnd,2
holded,2
pit.feat.R.attr#background},2
android:focusable,2
#Section_noIndex,2
#AppCompatTheme_listPopupWindowStyle,2
#LoadingImageView_imageAspectRatio,2
#SignInButton_scopeUris,2
<tr><td><code>rfc822</code></td><td>2</td><td></td></tr>,2
#AppCompatTheme_actionModeStyle,2
#GlobalSearchSection_sectionContent,2
#MenuGroup_android_checkableBehavior,2
android.R.attr#enabled},2
#AppCompatTheme_selectableItemBackground,2
#SwitchCompat_track,2
<tr><td><code>wrap_content</code></td><td>0</td><td></td></tr>,2
#HTextView_isAnimate,2
#SearchView_submitBackground,2
android:layout_gravity}</code></td><td></td></tr>,2
pit.feat:subtitleTextStyle}</code></td><td></td></tr>,2
<tr><td><code>never</code></td><td>0</td><td></td></tr>,2
#CardView_android_minHeight,2
#ActionBar_subtitleTextStyle,2
URI,2
#AppCompatTheme_listDividerAlertDialog,2
#TextAppearance_android_textColor,2
#AppCompatTheme_toolbarNavigationButtonStyle,2
#CompoundButton_android_button,2
#AppCompatTheme_buttonStyle,2
#AppCompatTheme_spinnerDropDownItemStyle,2
#MenuItem_android_visible,2
#LinearLayoutCompat_measureWithLargestChild,2
#Corpus_trimmable,2
#ActionBar_customNavigationLayout,2
#Toolbar_contentInsetRight,2
<tr><td><code>fall</code></td><td>2</td><td></td></tr>,2
#Toolbar_logoDescription,2
android:menuCategory,2
List,2
#TextAppearance_android_typeface,2
#ViewBackgroundHelper_backgroundTint,2
#Toolbar_android_gravity,2
choose,2
#ShadowLayout_sl_shadowRadius,2
#ActivityChooserView},2
#AppCompatTheme_textAppearanceSearchResultSubtitle,2
#ListPopupWindow_android_dropDownVerticalOffset,2
pit.feat:title}</code></td><td></td></tr>,2
#AppCompatTheme_listPreferredItemHeight,2
#AppCompatTheme_windowFixedWidthMajor,2
pit.feat:textAllCaps,2
#GlobalSearch_searchEnabled,2
#AppCompatTheme_listPreferredItemPaddingLeft,2
<tr><td><code>end</code></td><td>4</td><td></td></tr>,2
#Corpus_schemaOrgType,2
#AppCompatTheme_colorPrimary,2
<tr><td><code>scale</code></td><td>0</td><td></td></tr>,2
#AppCompatTheme_actionModePasteDrawable,2
#GlobalSearchSection},2
#AppCompatTheme_windowActionBarOverlay,2
#com_facebook_login_view_com_facebook_login_text,2
#AppCompatTheme_windowFixedHeightMajor,2
#Corpus_semanticallySearchable,2
#AppCompatTheme_actionModeShareDrawable,2
#Toolbar_collapseIcon,2
#AppCompatTheme_panelMenuListWidth,2
#AppCompatTheme_actionMenuTextColor,2
#AppCompatTheme_ratingBarStyleIndicator,2
#PopupWindow_overlapAnchor,2
#DrawerArrowToggle_drawableSize,2
pit.feat:logo}</code></td><td></td></tr>,2
ExpListItems,2
#Toolbar_logo,2
#AppCompatTheme_dividerHorizontal,2
pit.feat.R.attr#contentInsetEnd},2
#AppCompatTheme_listPreferredItemHeightLarge,2
#Corpus_corpusVersion,2
dot3.setImageDrawable(ctx.getDrawable(R.drawable.nonselecteditem_dot));,2
android:minHeight}</code></td><td></td></tr>,2
#AppCompatTheme_spinnerStyle,2
#CardView_cardPreventCornerOverlap,2
set,2
default,2
#AppCompatTheme_buttonBarStyle,2
#ActionBar_logo,2
pit.feat.R.attr#titleTextStyle},2
android:visible,2
#LinearLayoutCompat_dividerPadding,2
#AppCompatTheme_activityChooserViewStyle,2
#AppCompatTheme_radioButtonStyle,2
pit.feat.R.attr#contentInsetRight},2
Automatically,2
<tr><td><code>typer</code></td><td>7</td><td></td></tr>,2
#IMECorpus_toAddressesSection,2
Arrays,2
#SearchView_android_imeOptions,2
#AppCompatTextView_android_textAppearance,2
pit.feat.R.attr#textAllCaps},2
#ActionBar_elevation,2
<tr><td><code>showTitle</code></td><td>0x8</td><td></td></tr>,2
#IMECorpus_sourceClass,2
#MenuView_android_itemTextAppearance,2
<tr><td><code>anvil</code></td><td>4</td><td></td></tr>,2
#ActionMenuItemView_android_minWidth,2
<tr><td><code>wide</code></td><td>1</td><td></td></tr>,2
#MenuItem_android_numericShortcut,2
#AppCompatTheme_windowFixedWidthMinor,2
#AppCompatImageView},2
#AppCompatTheme_windowNoTitle,2
#ActionBar_contentInsetEnd,2
\fails,\,2
#ActivityChooserView_initialActivityCount,2
#AlertDialog_buttonPanelSideLayout,2
#LinearLayoutCompat_android_baselineAlignedChildIndex,2
#AppCompatTheme_editTextColor,2
#SearchView_searchIcon,2
#SearchView_suggestionRowLayout,2
#AppCompatTheme_switchStyle,2
#Spinner_popupTheme,2
message,2
pit.feat:contentInsetEnd,2
android:windowAnimationStyle}</code></td><td></td></tr>,2
#MenuItem_actionProviderClass,2
Make,2
android.R.attr#orderInCategory},2
#AppCompatTheme_popupWindowStyle,2
#AppCompatTheme_dialogTheme,2
<tr><td><code>line</code></td><td>5</td><td></td></tr>,2
<tr><td><code>demote_common_words</code></td><td>2</td><td></td></tr>,2
#Toolbar_contentInsetLeft,2
pit.feat:contentInsetStart,2
#Toolbar_titleMarginTop,2
Define,2
<tr><td><code>thing_proto</code></td><td>9</td><td></td></tr>,2
/////////,2
#AppCompatTheme_buttonBarButtonStyle,2
<tr><td><code>left</code></td><td>1</td><td></td></tr>,2
#MenuView_android_itemBackground,2
documentation,2
Called,2
android:popupBackground,2
<tr><td><code>button</code></td><td>1</td><td></td></tr>,2
#AppCompatTextView_textAllCaps,2
#MenuItem_android_id,2
#AppCompatTheme_buttonBarNegativeButtonStyle,2
#PopupWindowBackgroundState_state_above_anchor,2
#Corpus_contentProviderUri,2
android.R.attr#minWidth},2
#AppCompatTheme_actionModeSelectAllDrawable,2
<tr><td><code>large_icon_uri</code></td><td>7</td><td></td></tr>,2
#CompoundButton_buttonTintMode,2
android.R.attr#layout},2
#ActionBar_navigationMode,2
ABHISHEK,2
<tr><td><code>normal</code></td><td>0</td><td></td></tr>,2
#AppCompatTextView},2
android:popupBackground}</code></td><td></td></tr>,2
#Toolbar_contentInsetStart,2
#AppCompatTheme_actionModeCopyDrawable,2
#AppCompatTheme_actionModeSplitBackground,2
<tr><td><code>showHome</code></td><td>0x2</td><td></td></tr>,2
#AppCompatTheme_actionModeCloseButtonStyle,2
#SwitchCompat_android_textOff,2
pit.feat:homeAsUpIndicator}</code></td><td></td></tr>,2
android:orderInCategory,2
i++),2
#ActionBar_divider,2
<tr><td><code>icon_only</code></td><td>2</td><td></td></tr>,2
dot2.setImageDrawable(ctx.getDrawable(R.drawable.nonselecteditem_dot));,2
#Toolbar_titleMargins,2
Textview,2
#AppCompatTheme_actionBarTheme,2
<tr><td><code>email</code></td><td>0</td><td></td></tr>,2
#SwitchCompat_switchTextAppearance,2
pit.feat:titleTextStyle}</code></td><td></td></tr>,2
#TextAppearance_android_shadowDx,2
grants,2
#ViewBackgroundHelper_android_background,2
#LinearLayoutCompat_divider,2
#AppCompatTheme_buttonStyleSmall,2
pit.feat:subtitleTextStyle,2
#AppCompatTheme_panelMenuListTheme,2
android:visible}</code></td><td></td></tr>,2
#AppCompatTheme_textAppearanceSmallPopupMenu,2
#Toolbar_contentInsetEnd,2
#MenuView_android_verticalDivider,2
#Toolbar_titleMarginStart,2
out,2
#AlertDialog_singleChoiceItemLayout,2
android:enabled}</code></td><td></td></tr>,2
<tr><td><code>rainbow</code></td><td>8</td><td></td></tr>,2
<tr><td><code>inline</code></td><td>1</td><td></td></tr>,2
states,2
<tr><td><code>collapseActionView</code></td><td>8</td><td></td></tr>,2
#ActionBar_itemPadding,2
#Toolbar_titleTextColor,2
#CompoundButton_buttonTint,2
#TextAppearance_android_shadowRadius,2
#ShadowLayout_sl_cornerRadius,2
#Section_indexPrefixes,2
#AppCompatTheme_colorButtonNormal,2
#AppCompatTheme_textAppearanceSearchResultTitle,2
<tr><td><code>large</code></td><td>-4</td><td></td></tr>,2
#ActionBar_hideOnContentScroll,2
#AppCompatTheme_textAppearanceListItemSmall,2
#Toolbar_android_minHeight,2
#CardView_cardMaxElevation,2
#com_facebook_like_view_com_facebook_style,2
#LinearLayoutCompat_android_baselineAligned,2
<tr><td><code>text2</code></td><td>1</td><td></td></tr>,2
#AppCompatTheme_actionButtonStyle,2
#com_facebook_like_view_com_facebook_object_id,2
#AppCompatTheme_android_windowIsFloating,2
pit.feat.R.attr#subtitleTextStyle},2
#AppCompatTheme_actionBarItemBackground,2
android:enabled,2
#MenuGroup_android_id,2
<tr><td><code>beginning</code></td><td>1</td><td></td></tr>,2
android.R.attr#popupBackground},2
#LinearLayoutCompat_Layout_android_layout_height,2
pit.feat:contentInsetRight}</code></td><td></td></tr>,2
calling,2
#AppCompatTheme_editTextStyle,2
#SearchView_android_maxWidth,2
#SearchView_android_inputType,2
@param,2
#Toolbar_maxButtonHeight,2
pit.feat.R.attr#contentInsetLeft},2
#Toolbar_navigationContentDescription,2
#AppCompatTheme_listPreferredItemPaddingRight,2
#ActionBar_contentInsetLeft,2
#MenuItem_android_alphabeticShortcut,2
<tr><td><code>top</code></td><td>2</td><td></td></tr>,2
succeeds,2
#Toolbar_title,2
#ActionBar_indeterminateProgressStyle,2
android:minWidth}</code></td><td></td></tr>,2
expand,2
<tr><td><code>intent_activity</code></td><td>8</td><td></td></tr>,2
android.R.attr#minHeight},2
pit.feat.R.attr#title},2
expansion,2
#ListPopupWindow},2
#HTextView},2
#MenuItem_android_enabled,2
android.R.attr#menuCategory},2
#SearchView_voiceIcon,2
<tr><td><code>normal</code></td><td>-3</td><td></td></tr>,2
#MenuView_android_horizontalDivider,2
#ActionBar_subtitle,2
#SectionFeature_featureType,2
#AppCompatTheme_selectableItemBackgroundBorderless,2
#Section_sectionWeight,2
#GlobalSearch_defaultIntentActivity,2
#AppCompatTheme_dividerVertical,2
#Corpus_corpusId,2
<tr><td><code>intent_data_id</code></td><td>5</td><td></td></tr>,2
#AppCompatTheme_colorSwitchThumbNormal,2
#MenuItem_android_title,2
pit.feat.R.attr#splitTrack},1
android:verticalDivider,1
pit.feat:defaultIntentAction}</code></td><td></td></tr>,1
item_view.findViewById(R.id.viewPager_dot2);,1
pit.feat:contentPaddingTop,1
pit.feat:buttonTintMode}</code></td><td></td></tr>,1
pit.feat:selectableItemBackgroundBorderless}</code></td><td></td></tr>,1
pit.feat:semanticallySearchable}</code></td><td></td></tr>,1
pit.feat:cardMaxElevation,1
pit.feat.R.attr#collapseContentDescription},1
pit.feat:displayOptions,1
pit.feat:activityChooserViewStyle}</code></td><td></td></tr>,1
pit.feat.R.attr#contentPaddingLeft},1
pit.feat.R.attr#actionBarSize},1
pit.feat:spinBars}</code></td><td></td></tr>,1
pit.feat:suggestionRowLayout}</code></td><td></td></tr>,1
pit.feat.R.attr#panelMenuListTheme},1
pit.feat.R.attr#perAccountTemplate},1
pit.feat:com_facebook_foreground_color,1
pit.feat:collapseIcon,1
pit.feat.R.attr#semanticallySearchable},1
menu_bar.bringToFront();,1
pit.feat.R.attr#theme},1
pit.feat:submitBackground}</code></td><td></td></tr>,1
pit.feat.R.attr#sl_cornerRadius},1
pit.feat:sectionId}</code></td><td></td></tr>,1
pit.feat.R.attr#overlapAnchor},1
pit.feat:buttonBarButtonStyle,1
pit.feat:spinnerDropDownItemStyle,1
pit.feat:buttonTintMode,1
pit.feat:logoDescription,1
pit.feat.R.attr#actionButtonStyle},1
pit.feat:alertDialogButtonGroupStyle}</code></td><td></td></tr>,1
pit.feat:arrowHeadLength}</code></td><td></td></tr>,1
pit.feat:inputEnabled}</code></td><td></td></tr>,1
pit.feat:titleTextColor}</code></td><td></td></tr>,1
pit.feat:sectionContent,1
pit.feat:colorButtonNormal}</code></td><td></td></tr>,1
MenuGroup,1
android:icon,1
android:icon}</code></td><td></td></tr>,1
pit.feat:com_facebook_object_id}</code></td><td></td></tr>,1
android:titleCondensed,1
pit.feat.R.attr#listPreferredItemHeightSmall},1
pit.feat:contentPadding,1
pit.feat.R.attr#buttonSize},1
android.R.attr#typeface},1
2){,1
pit.feat.R.attr#buttonTint},1
pit.feat.R.attr#dialogTheme},1
pit.feat:textAppearanceSearchResultSubtitle}</code></td><td></td></tr>,1
@,1
pit.feat:listPreferredItemHeightLarge}</code></td><td></td></tr>,1
pit.feat:actionModeShareDrawable,1
pit.feat:ratingBarStyleSmall,1
pit.feat.R.attr#contentPadding},1
pit.feat.R.attr#schemaOrgProperty},1
pit.feat.R.attr#autoCompleteTextViewStyle},1
Listeners,1
pit.feat:showText,1
android:checkableBehavior,1
android.R.attr#checkableBehavior},1
state),1
pit.feat:srcCompat}</code></td><td></td></tr>,1
pit.feat:actionBarItemBackground,1
pit.feat.R.attr#toolbarStyle},1
pit.feat:iconifiedByDefault}</code></td><td></td></tr>,1
android.R.attr#inflatedId},1
pit.feat.R.attr#listPopupWindowStyle},1
LoadingImageView,1
pit.feat:switchMinWidth,1
pit.feat:navigationIcon,1
pit.feat:listItemLayout}</code></td><td></td></tr>,1
pit.feat:textColorSearchUrl,1
pit.feat.R.attr#hideOnContentScroll},1
pit.feat:colorControlActivated,1
pit.feat:voiceIcon,1
pit.feat:indexPrefixes}</code></td><td></td></tr>,1
pit.feat:sl_fillColor}</code></td><td></td></tr>,1
dots[i].setImageDrawable(ctx.getDrawable(R.drawable.nonselecteditem_dot));,1
AlertDialog,1
pit.feat:switchTextAppearance,1
pit.feat:titleMarginTop,1
SignInButton,1
pit.feat.R.attr#radioButtonStyle},1
pit.feat:trimmable,1
pit.feat:titleMargins}</code></td><td></td></tr>,1
android.R.attr#title},1
pit.feat.R.attr#actionBarTabStyle},1
pit.feat:actionProviderClass,1
pit.feat:sl_shadowRadius,1
pit.feat:cardUseCompatPadding,1
FeatureParam,1
pit.feat.R.attr#paramName},1
#PopupWindowBackgroundState},1
pit.feat:sectionContent}</code></td><td></td></tr>,1
android:windowIsFloating,1
pit.feat:buttonBarButtonStyle}</code></td><td></td></tr>,1
pit.feat.R.attr#spinnerDropDownItemStyle},1
pit.feat:drawableSize,1
item_view.findViewById(R.id.viewPagerCountDots);,1
onPageScrollStateChanged(int,1
pit.feat:sectionWeight}</code></td><td></td></tr>,1
pit.feat:buttonSize,1
pit.feat.R.attr#actionModePasteDrawable},1
android.R.attr#itemTextAppearance},1
ActionMenuItemView,1
pit.feat.R.attr#actionBarTheme},1
pit.feat.R.attr#maxButtonHeight},1
pit.feat.R.attr#com_facebook_is_cropped},1
\textview.setText("\Teste"\);\,1
pit.feat:progressBarPadding}</code></td><td></td></tr>,1
pit.feat:settingsDescription}</code></td><td></td></tr>,1
pit.feat:actionModeStyle}</code></td><td></td></tr>,1
pit.feat:indeterminateProgressStyle}</code></td><td></td></tr>,1
pit.feat:listPopupWindowStyle}</code></td><td></td></tr>,1
pit.feat:subtitleTextColor,1
pit.feat.R.attr#actionModeWebSearchDrawable},1
pit.feat:spinnerDropDownItemStyle}</code></td><td></td></tr>,1
pit.feat.R.attr#suggestionRowLayout},1
goToFirstTimeLoginEmailPassword();,1
pit.feat:listPreferredItemHeightSmall}</code></td><td></td></tr>,1
pit.feat:panelMenuListTheme}</code></td><td></td></tr>,1
pit.feat:buttonBarNegativeButtonStyle,1
pit.feat:actionLayout,1
pit.feat:toolbarNavigationButtonStyle,1
pit.feat:icon}</code></td><td></td></tr>,1
pit.feat:listPreferredItemHeight,1
pit.feat:splitTrack,1
pit.feat:switchStyle,1
pit.feat:listPreferredItemHeightLarge,1
onPageSelected(int,1
pit.feat:popupMenuStyle}</code></td><td></td></tr>,1
android:orientation}</code></td><td></td></tr>,1
pit.feat:color}</code></td><td></td></tr>,1
pit.feat:actionBarStyle,1
pit.feat:toolbarNavigationButtonStyle}</code></td><td></td></tr>,1
pit.feat.R.attr#windowActionModeOverlay},1
pit.feat.R.attr#imageAspectRatioAdjust},1
pit.feat.R.attr#navigationContentDescription},1
android:src}</code></td><td></td></tr>,1
pit.feat.R.attr#windowActionBar},1
pit.feat:progressBarStyle,1
pit.feat:windowNoTitle,1
pit.feat.R.attr#singleChoiceItemLayout},1
ButtonBarLayout,1
pit.feat:defaultQueryHint,1
pit.feat:actionModeCutDrawable,1
android:inflatedId}</code></td><td></td></tr>,1
\textview.setTextColor(Color.parseColor("\#bdbdbd"\));\,1
PopupWindowBackgroundState,1
pit.feat:colorPrimaryDark}</code></td><td></td></tr>,1
\if(user.getProviderId().equalsIgnoreCase("\facebook"\)){\,1
pit.feat:perAccountTemplate}</code></td><td></td></tr>,1
pit.feat:schemaOrgType,1
pit.feat:actionBarSplitStyle}</code></td><td></td></tr>,1
pit.feat:sl_shadowColor,1
pit.feat:textAppearanceListItemSmall,1
isExpanded);,1
pit.feat:contentPaddingRight,1
pit.feat.R.attr#panelBackground},1
android:weightSum}</code></td><td></td></tr>,1
pit.feat:paramName,1
com_facebook_profile_picture_view,1
IMECorpus,1
pit.feat:sl_shadowColor}</code></td><td></td></tr>,1
pit.feat:actionModeSplitBackground,1
android:thumb}</code></td><td></td></tr>,1
pit.feat:searchLabel,1
pit.feat.R.attr#dividerVertical},1
pit.feat:editTextColor}</code></td><td></td></tr>,1
pit.feat:colorScheme}</code></td><td></td></tr>,1
pit.feat.R.attr#noIndex},1
ListPopupWindow,1
pit.feat.R.attr#textColorSearchUrl},1
pit.feat.R.attr#dialogPreferredPadding},1
//dots[position].setImageDrawable(getResources().getDrawable(R.drawable.selecteditem_dot));,1
pit.feat:dividerPadding,1
\"\50"\};\,1
android:numericShortcut,1
pit.feat:com_facebook_object_type,1
pit.feat.R.attr#defaultQueryHint},1
android.R.attr#weightSum},1
pit.feat.R.attr#searchLabel},1
#GlobalSearchCorpus},1
android:background,1
Artifact,1
pit.feat:alertDialogCenterButtons}</code></td><td></td></tr>,1
android.R.attr#dropDownWidth},1
pit.feat.R.attr#actionBarSplitStyle},1
profile.getId();,1
pit.feat.R.attr#subtitleTextColor},1
android.R.attr#textColor},1
\//textview.setTextColor(Color.parseColor("\#b71c1c"\));\,1
pit.feat:progressBarPadding,1
pit.feat:actionButtonStyle}</code></td><td></td></tr>,1
pit.feat.R.attr#paramValue},1
pit.feat:iconifiedByDefault,1
CardView,1
pit.feat:contentPadding}</code></td><td></td></tr>,1
android:textStyle}</code></td><td></td></tr>,1
pit.feat:collapseContentDescription,1
pit.feat:com_facebook_is_cropped,1
pit.feat:com_facebook_preset_size}</code></td><td></td></tr>,1
pit.feat.R.attr#colorControlActivated},1
pit.feat:actionOverflowButtonStyle,1
dummy,1
textview.setTextSize(25);,1
pit.feat:titleTextColor,1
\{"\Apple"\,"\Banana"\,"\Mango"\,\,1
pit.feat.R.attr#listPreferredItemPaddingRight},1
pit.feat:paramValue}</code></td><td></td></tr>,1
pit.feat:actionBarTabStyle,1
pit.feat:panelBackground,1
pit.feat:com_facebook_foreground_color}</code></td><td></td></tr>,1
pit.feat:animateType,1
pit.feat:actionModeFindDrawable,1
android:shadowDx,1
pit.feat:alertDialogCenterButtons,1
pit.feat:dialogTheme}</code></td><td></td></tr>,1
android:dropDownVerticalOffset,1
pit.feat:alertDialogStyle}</code></td><td></td></tr>,1
RadioGroup,1
pit.feat.R.attr#buttonPanelSideLayout},1
pit.feat:actionModeCopyDrawable,1
pit.feat:buttonSize}</code></td><td></td></tr>,1
locationListenerGPS);,1
Inspired,1
pit.feat:dividerVertical,1
pit.feat:listChoiceBackgroundIndicator}</code></td><td></td></tr>,1
pit.feat.R.attr#sectionId},1
pit.feat:showText}</code></td><td></td></tr>,1
pit.feat:titleTextAppearance,1
pit.feat:displayOptions}</code></td><td></td></tr>,1
pit.feat.R.attr#navigationIcon},1
pit.feat.R.attr#popupWindowStyle},1
android:button,1
pit.feat:textAppearanceLargePopupMenu,1
pit.feat.R.attr#actionBarDivider},1
pit.feat:hideOnContentScroll}</code></td><td></td></tr>,1
android:baselineAligned,1
pit.feat:measureWithLargestChild,1
android:background}</code></td><td></td></tr>,1
pit.feat:com_facebook_style}</code></td><td></td></tr>,1
18/11/15,1
android:itemTextAppearance,1
android.R.attr#dropDownHorizontalOffset},1
pit.feat:titleMarginStart,1
pit.feat:borderlessButtonStyle,1
android:typeface}</code></td><td></td></tr>,1
pit.feat:com_facebook_confirm_logout}</code></td><td></td></tr>,1
pit.feat:subsectionSeparator,1
http://stackoverflow.com/questions/6700374/android-character-by-character-display-text-animation,1
setUiPageViewController();,1
pit.feat:com_facebook_auxiliary_view_position,1
pit.feat:scopeUris}</code></td><td></td></tr>,1
pit.feat.R.attr#listChoiceBackgroundIndicator},1
pit.feat:actionModeBackground,1
pit.feat:switchPadding}</code></td><td></td></tr>,1
pit.feat:elevation,1
pit.feat:corpusId}</code></td><td></td></tr>,1
pit.feat.R.attr#inputEnabled},1
pit.feat:defaultIntentActivity,1
pit.feat.R.attr#thickness},1
GlobalSearchSection,1
pit.feat:panelMenuListWidth,1
pit.feat:listPopupWindowStyle,1
pit.feat.R.attr#editTextBackground},1
pit.feat.R.attr#track},1
pit.feat:windowFixedWidthMinor}</code></td><td></td></tr>,1
android:shadowColor}</code></td><td></td></tr>,1
pit.feat:defaultIntentAction,1
pit.feat:windowActionBar}</code></td><td></td></tr>,1
pit.feat:windowFixedWidthMajor}</code></td><td></td></tr>,1
pit.feat:homeLayout,1
pit.feat:settingsDescription,1
Set,1
pit.feat:radioButtonStyle,1
pit.feat:buttonStyleSmall}</code></td><td></td></tr>,1
TextAppearance,1
pit.feat:actionDropDownStyle,1
android:maxWidth}</code></td><td></td></tr>,1
pit.feat.R.attr#textColorAlertDialogListItem},1
pit.feat:listPreferredItemHeight}</code></td><td></td></tr>,1
android:entries,1
LinearLayoutCompat,1
AppCompatTheme,1
pit.feat.R.attr#windowFixedHeightMajor},1
pit.feat:colorControlActivated}</code></td><td></td></tr>,1
Editboxes,1
pit.feat:actionProviderClass}</code></td><td></td></tr>,1
android:textOn}</code></td><td></td></tr>,1
pit.feat:progressBarStyle}</code></td><td></td></tr>,1
pit.feat.R.attr#com_facebook_confirm_logout},1
pit.feat:overlapAnchor,1
pit.feat.R.attr#showDividers},1
pit.feat:thumbTextPadding}</code></td><td></td></tr>,1
pit.feat:submitBackground,1
pit.feat:sectionId,1
pit.feat:actionBarStyle}</code></td><td></td></tr>,1
Variants,1
pit.feat.R.attr#sl_dy},1
pit.feat:sectionWeight,1
pit.feat:listPreferredItemPaddingLeft,1
\{"\10"\,"\20"\,"\30"\,\,1
pit.feat:colorAccent}</code></td><td></td></tr>,1
pit.feat.R.attr#actionModeFindDrawable},1
android:checked}</code></td><td></td></tr>,1
pit.feat:circleCrop}</code></td><td></td></tr>,1
pit.feat:sourceClass,1
\"\ON\,1
pit.feat.R.attr#ratingBarStyleIndicator},1
ViewStubCompat,1
pit.feat:cardPreventCornerOverlap}</code></td><td></td></tr>,1
ActivityChooserView,1
pit.feat:textAppearanceListItem,1
pit.feat:closeItemLayout}</code></td><td></td></tr>,1
pit.feat.R.attr#goIcon},1
pit.feat:dropDownListViewStyle}</code></td><td></td></tr>,1
pit.feat:showAsAction}</code></td><td></td></tr>,1
pit.feat.R.attr#windowMinWidthMajor},1
pit.feat:queryBackground,1
pit.feat.R.attr#sectionType},1
pit.feat:actionModeShareDrawable}</code></td><td></td></tr>,1
pit.feat:sl_dy,1
pit.feat:schemaOrgProperty,1
Build,1
pit.feat:searchIcon}</code></td><td></td></tr>,1
pit.feat:navigationIcon}</code></td><td></td></tr>,1
pit.feat:windowActionBar,1
android.R.attr#thumb},1
pit.feat:actionBarTheme,1
android:alphabeticShortcut,1
pit.feat:color,1
pit.feat:com_facebook_confirm_logout,1
pit.feat.R.attr#selectableItemBackgroundBorderless},1
pit.feat:com_facebook_horizontal_alignment,1
pit.feat:titleMarginEnd}</code></td><td></td></tr>,1
android:imeOptions}</code></td><td></td></tr>,1
loadingCircle.bringToFront();,1
pit.feat.R.attr#cardPreventCornerOverlap},1
pit.feat.R.attr#listLayout},1
pit.feat.R.attr#com_facebook_object_type},1
pit.feat.R.attr#spinBars},1
pit.feat:windowFixedHeightMinor,1
pit.feat.R.attr#paddingEnd},1
pit.feat:sectionFormat}</code></td><td></td></tr>,1
pit.feat:actionModeBackground}</code></td><td></td></tr>,1
pit.feat.R.attr#titleTextColor},1
pit.feat:seekBarStyle,1
pit.feat:actionModePopupWindowStyle,1
dots[i].setImageDrawable(getDrawable(R.drawable.nonselecteditem_dot));,1
pit.feat:windowMinWidthMinor,1
android:imeOptions,1
MenuView,1
pit.feat:goIcon,1
pit.feat:showDividers}</code></td><td></td></tr>,1
pit.feat.R.attr#sl_shadowRadius},1
pit.feat:imageAspectRatioAdjust}</code></td><td></td></tr>,1
pit.feat.R.attr#colorPrimaryDark},1
pit.feat:dialogPreferredPadding,1
pit.feat.R.attr#actionBarStyle},1
pit.feat:actionBarWidgetTheme,1
pit.feat:circleCrop,1
SectionFeature,1
pit.feat:actionBarSplitStyle,1
pit.feat.R.attr#schemaOrgType},1
pit.feat.R.attr#textAppearanceLargePopupMenu},1
pit.feat:customNavigationLayout}</code></td><td></td></tr>,1
pit.feat:paddingStart,1
pit.feat:splitTrack}</code></td><td></td></tr>,1
pit.feat:spinBars,1
ActionBar,1
android:verticalDivider}</code></td><td></td></tr>,1
pit.feat.R.attr#color},1
\mListener.expandGroupEvent(groupPosition,\,1
pit.feat:editTextBackground}</code></td><td></td></tr>,1
pit.feat:maxButtonHeight}</code></td><td></td></tr>,1
pit.feat.R.attr#imageButtonStyle},1
///,1
pit.feat:contentProviderUri}</code></td><td></td></tr>,1
pit.feat.R.attr#spinnerStyle},1
android.R.attr#verticalDivider},1
pit.feat:paramName}</code></td><td></td></tr>,1
pit.feat:userInputValue}</code></td><td></td></tr>,1
claudijo,1
pit.feat:contentPaddingRight}</code></td><td></td></tr>,1
item_view.findViewById(R.id.viewPager_dot1);,1
pit.feat:preserveIconSpacing,1
pit.feat:searchViewStyle}</code></td><td></td></tr>,1
pit.feat:ratingBarStyle}</code></td><td></td></tr>,1
pit.feat.R.attr#elevation},1
pit.feat:corpusVersion,1
dot1,1
pit.feat:gapBetweenBars,1
item_view.findViewById(R.id.viewPager_dot3);,1
android.R.attr#entries},1
pit.feat:checkboxStyle,1
pit.feat.R.attr#actionModeCloseButtonStyle},1
findViewById(R.id.text_viewPager);,1
Button,1
Devunwired,1
pit.feat:windowActionModeOverlay}</code></td><td></td></tr>,1
pit.feat:backgroundStacked,1
access,1
pit.feat:textAppearanceListItem}</code></td><td></td></tr>,1
com_facebook_login_view,1
matt,1
pit.feat:sl_dx,1
pit.feat:titleMarginStart}</code></td><td></td></tr>,1
pit.feat:colorControlNormal}</code></td><td></td></tr>,1
dot2.setImageDrawable(ctx.getDrawable(R.drawable.selecteditem_dot));,1
pit.feat.R.attr#com_facebook_object_id},1
pit.feat:actionLayout}</code></td><td></td></tr>,1
pit.feat.R.attr#actionViewClass},1
pit.feat:sl_dx}</code></td><td></td></tr>,1
pit.feat:sourceClass}</code></td><td></td></tr>,1
android.R.attr#shadowRadius},1
pit.feat:toolbarStyle}</code></td><td></td></tr>,1
pit.feat:autoCompleteTextViewStyle,1
android.R.attr#background},1
pit.feat:semanticallySearchable,1
Raw,1
pit.feat:imageButtonStyle,1
pit.feat.R.attr#sl_shadowColor},1
position,1
pit.feat:actionModeCutDrawable}</code></td><td></td></tr>,1
pit.feat:scopeUris,1
pit.feat:titleMarginBottom}</code></td><td></td></tr>,1
pit.feat.R.attr#cardUseCompatPadding},1
pit.feat.R.attr#titleMarginBottom},1
pit.feat:featureType,1
\"\Orange"\,\,1
android:itemTextAppearance}</code></td><td></td></tr>,1
pit.feat.R.attr#actionDropDownStyle},1
pit.feat:schemaOrgType}</code></td><td></td></tr>,1
pit.feat.R.attr#switchPadding},1
position),1
pit.feat.R.attr#queryBackground},1
android.R.attr#shadowDx},1
\"\Strawberry"\};\,1
\href="\http://d.android.com/tools/testing/testing_android.html"\>Testing\,1
button.setText(User.getInstance().getUser_profile().getName());,1
Check,1
pit.feat:colorSwitchThumbNormal}</code></td><td></td></tr>,1
android:shadowDy}</code></td><td></td></tr>,1
android:layout_height,1
pit.feat:actionOverflowMenuStyle}</code></td><td></td></tr>,1
pit.feat.R.attr#actionMenuTextAppearance},1
pit.feat.R.attr#defaultIntentData},1
pit.feat.R.attr#buttonBarNegativeButtonStyle},1
android:prompt,1
goToFirstTimeLoginFacebook();,1
pit.feat:cardElevation,1
\positionOffset,\,1
pit.feat:com_facebook_tooltip_mode}</code></td><td></td></tr>,1
pit.feat.R.attr#textAppearanceSearchResultSubtitle},1
Section,1
pit.feat:titleMarginTop}</code></td><td></td></tr>,1
int,1
pit.feat.R.attr#arrowHeadLength},1
pit.feat:theme}</code></td><td></td></tr>,1
pit.feat:actionBarDivider,1
SELECTED,1
pit.feat.R.attr#homeLayout},1
pit.feat:windowActionModeOverlay,1
android:windowIsFloating}</code></td><td></td></tr>,1
android:shadowDy,1
pit.feat.R.attr#com_facebook_foreground_color},1
pit.feat:imageAspectRatioAdjust,1
pit.feat:textAppearanceSearchResultSubtitle,1
GlobalSearch,1
pit.feat:thumbTextPadding,1
pit.feat:colorSwitchThumbNormal,1
pit.feat.R.attr#thumbTextPadding},1
android:checkable}</code></td><td></td></tr>,1
android:inputType,1
pit.feat.R.attr#windowNoTitle},1
pit.feat:actionMenuTextColor}</code></td><td></td></tr>,1
pit.feat:hideOnContentScroll,1
pit.feat:ratingBarStyle,1
pit.feat.R.attr#actionModeSplitBackground},1
});,1
checkboxes,1
pit.feat:allowStacking,1
pit.feat:buttonTint}</code></td><td></td></tr>,1
pit.feat:switchPadding,1
pit.feat:sl_shadowRadius}</code></td><td></td></tr>,1
fonts,1
android:textAppearance}</code></td><td></td></tr>,1
29/05/2016,1
pit.feat.R.attr#toAddressesSection},1
android:textOn,1
android:entries}</code></td><td></td></tr>,1
pit.feat:barLength}</code></td><td></td></tr>,1
pit.feat:listPreferredItemHeightSmall,1
pit.feat:actionModePopupWindowStyle}</code></td><td></td></tr>,1
pit.feat:actionModePasteDrawable,1
com_facebook_like_view,1
pit.feat.R.attr#titleMargins},1
pit.feat.R.attr#com_facebook_preset_size},1
pit.feat:customNavigationLayout,1
pit.feat.R.attr#listItemLayout},1
pit.feat:userInputSection,1
pit.feat:actionBarDivider}</code></td><td></td></tr>,1
pit.feat.R.attr#settingsDescription},1
pit.feat:singleChoiceItemLayout,1
pit.feat.R.attr#iconifiedByDefault},1
pit.feat:corpusVersion}</code></td><td></td></tr>,1
pit.feat.R.attr#userInputTag},1
GlobalSearchCorpus,1
pit.feat:commitIcon}</code></td><td></td></tr>,1
pit.feat:alertDialogButtonGroupStyle,1
Test,1
pit.feat:actionModeWebSearchDrawable,1
#ButtonBarLayout},1
textview.setText(text_resources[position]);,1
pit.feat:closeIcon}</code></td><td></td></tr>,1
work,1
android.R.attr#maxWidth},1
pit.feat:arrowShaftLength}</code></td><td></td></tr>,1
pit.feat:indeterminateProgressStyle,1
pit.feat.R.attr#subtitleTextAppearance},1
pit.feat:buttonBarPositiveButtonStyle,1
pit.feat.R.attr#buttonStyleSmall},1
pit.feat:paddingEnd,1
pit.feat:cardCornerRadius}</code></td><td></td></tr>,1
android:textSize}</code></td><td></td></tr>,1
pit.feat.R.attr#listPreferredItemHeight},1
pit.feat:arrowShaftLength,1
sum,1
android:title}</code></td><td></td></tr>,1
pit.feat:actionBarWidgetTheme}</code></td><td></td></tr>,1
pit.feat:searchViewStyle,1
pit.feat:searchHintIcon}</code></td><td></td></tr>,1
android:textSize,1
\"\Pineapple"\,\,1
:DDDD,1
android.R.attr#layout_weight},1
android:textOff}</code></td><td></td></tr>,1
pit.feat:colorPrimaryDark,1
pit.feat:listLayout,1
pit.feat:imageButtonStyle}</code></td><td></td></tr>,1
pit.feat:com_facebook_login_text}</code></td><td></td></tr>,1
android.R.attr#dropDownVerticalOffset},1
(TextView),1
goToWelcomeScreen();,1
android:alphabeticShortcut}</code></td><td></td></tr>,1
android:shadowColor,1
Data,1
pit.feat:buttonStyle,1
goToChooseMyFetish();,1
dot3.setImageDrawable(ctx.getDrawable(R.drawable.selecteditem_dot));,1
existence,1
pit.feat.R.attr#dropDownListViewStyle},1
pit.feat:isAnimate}</code></td><td></td></tr>,1
ShadowLayout,1
Spinner,1
pit.feat.R.attr#com_facebook_horizontal_alignment},1
textview.setTextSize(12);,1
Corpus,1
pit.feat:actionMenuTextColor,1
pit.feat:windowFixedWidthMajor,1
pit.feat:actionModeCloseButtonStyle,1
pit.feat:arrowHeadLength,1
\"\,\,1
pit.feat:sectionType}</code></td><td></td></tr>,1
pit.feat:buttonPanelSideLayout,1
pit.feat:checkboxStyle}</code></td><td></td></tr>,1
pit.feat.R.attr#textAppearanceListItemSmall},1
pit.feat.R.attr#cardCornerRadius},1
pit.feat:expandActivityOverflowButtonDrawable,1
pit.feat:cardMaxElevation}</code></td><td></td></tr>,1
testChildData,1
pit.feat:navigationMode,1
pit.feat.R.attr#com_facebook_login_text},1
pit.feat:selectableItemBackgroundBorderless,1
pit.feat.R.attr#collapseIcon},1
pit.feat.R.attr#colorScheme},1
pit.feat.R.attr#arrowShaftLength},1
pit.feat:featureType}</code></td><td></td></tr>,1
pit.feat:actionViewClass}</code></td><td></td></tr>,1
pit.feat:windowActionBarOverlay,1
Textos,1
pit.feat.R.attr#sectionContent},1
android:theme,1
pit.feat:buttonBarPositiveButtonStyle}</code></td><td></td></tr>,1
pit.feat:indexPrefixes,1
pit.feat:colorPrimary,1
pit.feat.R.attr#closeItemLayout},1
android.R.attr#baselineAligned},1
\//textview.setTextColor(Color.parseColor("\#bdbdbd"\));\,1
Toast.LENGTH_LONG);,1
pit.feat.R.attr#defaultIntentAction},1
pit.feat.R.attr#switchMinWidth},1
pit.feat:editTextColor,1
\"\40"\,\,1
pit.feat:backgroundTintMode}</code></td><td></td></tr>,1
pit.feat:actionModeSelectAllDrawable}</code></td><td></td></tr>,1
pit.feat.R.attr#buttonBarPositiveButtonStyle},1
pit.feat:dialogTheme,1
pit.feat.R.attr#activityChooserViewStyle},1
//dots[i].setImageDrawable(getResources().getDrawable(R.drawable.nonselecteditem_dot));,1
pit.feat:checkedTextViewStyle}</code></td><td></td></tr>,1
pit.feat:searchEnabled,1
pit.feat.R.attr#actionBarTabTextStyle},1
pit.feat.R.attr#borderlessButtonStyle},1
android:dropDownHorizontalOffset,1
Toolbar,1
pit.feat.R.attr#subsectionSeparator},1
pit.feat.R.attr#indexPrefixes},1
android:layout_weight}</code></td><td></td></tr>,1
pit.feat.R.attr#corpusVersion},1
pit.feat:actionBarSize}</code></td><td></td></tr>,1
reflect,1
pit.feat.R.attr#voiceIcon},1
pit.feat:listPreferredItemPaddingLeft}</code></td><td></td></tr>,1
pit.feat:searchIcon,1
pit.feat.R.attr#dividerPadding},1
android:shadowRadius}</code></td><td></td></tr>,1
defaultState,1
pit.feat:actionModeStyle,1
pit.feat:actionBarPopupTheme}</code></td><td></td></tr>,1
pit.feat:dropdownListPreferredItemHeight}</code></td><td></td></tr>,1
\Stackoverflow,\,1
pager_indicator,1
pit.feat.R.attr#animateType},1
pit.feat:com_facebook_logout_text}</code></td><td></td></tr>,1
pit.feat:actionBarTabTextStyle,1
pit.feat:switchTextAppearance}</code></td><td></td></tr>,1
onPageScrolled(int,1
pit.feat.R.attr#progressBarPadding},1
pit.feat:com_facebook_logout_text,1
android:checkable,1
android:layout_height}</code></td><td></td></tr>,1
pit.feat:radioButtonStyle}</code></td><td></td></tr>,1
pit.feat.R.attr#allowStacking},1
Toast,1
#ActionMenuItemView},1
pit.feat.R.attr#selectableItemBackground},1
android.R.attr#headerBackground},1
dot4,1
pit.feat:contentPaddingLeft}</code></td><td></td></tr>,1
android:baselineAlignedChildIndex,1
pit.feat:switchMinWidth}</code></td><td></td></tr>,1
pit.feat:editTextStyle,1
pit.feat:com_facebook_object_id,1
pit.feat:backgroundTintMode,1
pit.feat:colorControlHighlight,1
pit.feat.R.attr#sectionFormat},1
pit.feat.R.attr#gapBetweenBars},1
pit.feat:popupMenuStyle,1
pit.feat.R.attr#commitIcon},1
iniciais,1
pit.feat:showAsAction,1
pit.feat.R.attr#com_facebook_tooltip_mode},1
android.R.attr#windowIsFloating},1
pit.feat.R.attr#switchTextAppearance},1
pit.feat:subtitleTextAppearance}</code></td><td></td></tr>,1
android.R.attr#titleCondensed},1
android.R.attr#icon},1
pit.feat.R.attr#listPreferredItemPaddingLeft},1
pit.feat:actionBarPopupTheme,1
pit.feat:voiceIcon}</code></td><td></td></tr>,1
pit.feat:actionViewClass,1
android.R.attr#horizontalDivider},1
pit.feat:windowMinWidthMajor,1
pit.feat:autoCompleteTextViewStyle}</code></td><td></td></tr>,1
pit.feat.R.attr#editTextStyle},1
pit.feat:initialActivityCount,1
pit.feat:textAppearanceSmallPopupMenu,1
pit.feat:paramValue,1
pit.feat:titleMarginEnd,1
tempPositionOffset,1
android.R.attr#textStyle},1
pit.feat:buttonStyle}</code></td><td></td></tr>,1
pit.feat:ratingBarStyleIndicator,1
findViewById(R.id.viewPagerCountDots);,1
pit.feat:actionBarSize,1
19/05/2016,1
pit.feat.R.attr#searchIcon},1
android:orientation,1
pit.feat.R.attr#ratingBarStyle},1
pit.feat:cardPreventCornerOverlap,1
pit.feat:trimmable}</code></td><td></td></tr>,1
pit.feat:colorControlNormal,1
pit.feat.R.attr#colorControlNormal},1
pit.feat.R.attr#listPreferredItemHeightLarge},1
5/5/2015,1
pit.feat.R.attr#srcCompat},1
pit.feat.R.attr#backgroundTint},1
pit.feat:listDividerAlertDialog,1
pit.feat:userInputSection}</code></td><td></td></tr>,1
\tests,\,1
android.R.attr#checkable},1
null){,1
pit.feat:textAppearanceSearchResultTitle}</code></td><td></td></tr>,1
android.R.attr#shadowDy},1
pit.feat.R.attr#multiChoiceItemLayout},1
pit.feat.R.attr#titleMarginTop},1
26/05/2016,1
pit.feat:dropdownListPreferredItemHeight,1
android:horizontalDivider,1
pit.feat.R.attr#windowActionBarOverlay},1
pit.feat.R.attr#titleTextAppearance},1
pit.feat:collapseIcon}</code></td><td></td></tr>,1
pit.feat:colorScheme,1
pit.feat:sectionFormat,1
user_pic.setProfileId(User.getInstance().getUser_profile_id());,1
pit.feat:track}</code></td><td></td></tr>,1
android.R.attr#textSize},1
pit.feat.R.attr#actionModeStyle},1
pit.feat:preserveIconSpacing}</code></td><td></td></tr>,1
pit.feat:checkedTextViewStyle,1
pit.feat:buttonStyleSmall,1
pit.feat:backgroundTint,1
LinearLayoutCompat_Layout,1
pit.feat:buttonPanelSideLayout}</code></td><td></td></tr>,1
pit.feat:actionModeWebSearchDrawable}</code></td><td></td></tr>,1
pit.feat.R.attr#alertDialogStyle},1
pit.feat:textAppearanceSearchResultTitle,1
android:checkableBehavior}</code></td><td></td></tr>,1
pit.feat:actionBarItemBackground}</code></td><td></td></tr>,1
pit.feat:suggestionRowLayout,1
pit.feat.R.attr#windowFixedWidthMinor},1
pit.feat:textAppearanceListItemSmall}</code></td><td></td></tr>,1
pit.feat:sl_dy}</code></td><td></td></tr>,1
pit.feat:singleChoiceItemLayout}</code></td><td></td></tr>,1
pit.feat:windowFixedWidthMinor,1
pit.feat.R.attr#itemPadding},1
android:dropDownHorizontalOffset}</code></td><td></td></tr>,1
pit.feat:itemPadding}</code></td><td></td></tr>,1
pit.feat.R.attr#switchStyle},1
pit.feat:navigationContentDescription,1
pit.feat:buttonBarNeutralButtonStyle}</code></td><td></td></tr>,1
pit.feat:actionDropDownStyle}</code></td><td></td></tr>,1
checked,1
pit.feat.R.attr#sourceClass},1
pit.feat:subtitleTextAppearance,1
pit.feat:textColorAlertDialogListItem}</code></td><td></td></tr>,1
pit.feat:userInputValue,1
pit.feat:actionMenuTextAppearance}</code></td><td></td></tr>,1
\position,\,1
ActionMenuView,1
pit.feat.R.attr#actionModeCutDrawable},1
see,1
pit.feat:ratingBarStyleSmall}</code></td><td></td></tr>,1
pit.feat:actionModeSplitBackground}</code></td><td></td></tr>,1
pit.feat:userInputTag}</code></td><td></td></tr>,1
pit.feat:selectableItemBackground}</code></td><td></td></tr>,1
pit.feat.R.attr#userInputSection},1
android.R.attr#layout_width},1
pit.feat:userInputTag,1
android.R.attr#layout_height},1
pit.feat:dropDownListViewStyle,1
android.R.attr#textAppearance},1
pit.feat.R.attr#textAppearanceSmallPopupMenu},1
android:shadowDx}</code></td><td></td></tr>,1
pit.feat:barLength,1
pit.feat:imageAspectRatio,1
pit.feat:com_facebook_tooltip_mode,1
android.R.attr#imeOptions},1
pit.feat:listPreferredItemPaddingRight}</code></td><td></td></tr>,1
pit.feat.R.attr#dropdownListPreferredItemHeight},1
pit.feat:allowStacking}</code></td><td></td></tr>,1
if(!isExpanded),1
pit.feat:measureWithLargestChild}</code></td><td></td></tr>,1
click,1
pit.feat:defaultIntentData,1
pit.feat:textColorSearchUrl}</code></td><td></td></tr>,1
items,1
myToast.show();,1
pit.feat:listPreferredItemPaddingRight,1
SwitchCompat,1
pit.feat:com_facebook_object_type}</code></td><td></td></tr>,1
3){,1
pit.feat:dividerPadding}</code></td><td></td></tr>,1
pit.feat:closeItemLayout,1
pit.feat.R.attr#preserveIconSpacing},1
pit.feat:toolbarStyle,1
pit.feat:titleMarginBottom,1
pit.feat:buttonBarNeutralButtonStyle,1
android.R.attr#numericShortcut},1
pit.feat.R.attr#toolbarNavigationButtonStyle},1
goToMainUserView();,1
pit.feat.R.attr#com_facebook_style},1
pit.feat.R.attr#searchHintIcon},1
android.R.attr#inputType},1
pit.feat:logoDescription}</code></td><td></td></tr>,1
pit.feat:backgroundTint}</code></td><td></td></tr>,1
pit.feat:com_facebook_style,1
android:headerBackground,1
pit.feat:cardBackgroundColor}</code></td><td></td></tr>,1
RadioButtons,1
pit.feat.R.attr#barLength},1
pit.feat:popupWindowStyle,1
pit.feat.R.attr#actionOverflowButtonStyle},1
pit.feat:buttonTint,1
pit.feat.R.attr#showText},1
pit.feat:goIcon}</code></td><td></td></tr>,1
pit.feat.R.attr#showAsAction},1
pit.feat:colorAccent,1
pit.feat:panelMenuListTheme,1
android.R.attr#theme},1
pit.feat:navigationContentDescription}</code></td><td></td></tr>,1
pit.feat:ratingBarStyleIndicator}</code></td><td></td></tr>,1
pit.feat:editTextBackground,1
pit.feat:buttonBarNegativeButtonStyle}</code></td><td></td></tr>,1
pit.feat.R.attr#sectionWeight},1
android:onClick,1
Fundamentals</a>,1
pit.feat:thickness}</code></td><td></td></tr>,1
pit.feat:panelMenuListWidth}</code></td><td></td></tr>,1
pit.feat:multiChoiceItemLayout}</code></td><td></td></tr>,1
pit.feat:toAddressesSection,1
walfud,1
pit.feat:contentPaddingBottom,1
pit.feat:homeLayout}</code></td><td></td></tr>,1
pit.feat:listChoiceBackgroundIndicator,1
indicator,1
android.R.attr#checked},1
pit.feat.R.attr#imageAspectRatio},1
android:inflatedId,1
pit.feat:windowFixedHeightMajor,1
pit.feat:actionButtonStyle,1
pit.feat:animateType}</code></td><td></td></tr>,1
pit.feat:popupWindowStyle}</code></td><td></td></tr>,1
pit.feat.R.attr#navigationMode},1
pit.feat:actionModeCloseButtonStyle}</code></td><td></td></tr>,1
pit.feat.R.attr#dividerHorizontal},1
pit.feat:alertDialogTheme}</code></td><td></td></tr>,1
pit.feat.R.attr#ratingBarStyleSmall},1
pit.feat:paddingEnd}</code></td><td></td></tr>,1
pit.feat:com_facebook_login_text,1
pit.feat.R.attr#actionModeBackground},1
android:shadowRadius,1
pit.feat:actionModeSelectAllDrawable,1
pit.feat:maxButtonHeight,1
android.R.attr#onClick},1
dots[position].setImageDrawable(getDrawable(R.drawable.selecteditem_dot));,1
pit.feat.R.attr#actionBarWidgetTheme},1
pit.feat:windowFixedHeightMajor}</code></td><td></td></tr>,1
pit.feat:controlBackground,1
android:title,1
ViewPager.OnPageChangeListener(),1
pit.feat:textAppearanceLargePopupMenu}</code></td><td></td></tr>,1
text,1
pit.feat:imageAspectRatio}</code></td><td></td></tr>,1
pit.feat:sl_cornerRadius}</code></td><td></td></tr>,1
pit.feat:actionOverflowButtonStyle}</code></td><td></td></tr>,1
pit.feat.R.attr#contentProviderUri},1
pit.feat:listLayout}</code></td><td></td></tr>,1
pit.feat:queryHint}</code></td><td></td></tr>,1
pit.feat:subtitleTextColor}</code></td><td></td></tr>,1
pit.feat.R.attr#initialActivityCount},1
pit.feat:actionBarTabBarStyle,1
pit.feat:defaultIntentActivity}</code></td><td></td></tr>,1
pit.feat.R.attr#actionMenuTextColor},1
switch,1
pit.feat.R.attr#customNavigationLayout},1
pit.feat:actionModeCloseDrawable}</code></td><td></td></tr>,1
android:textStyle,1
pit.feat.R.attr#textAppearanceListItem},1
LinearLayout,1
pit.feat.R.attr#actionModeShareDrawable},1
groupPosition,1
ActionMode,1
android:dropDownVerticalOffset}</code></td><td></td></tr>,1
pit.feat.R.attr#colorControlHighlight},1
pit.feat:dividerHorizontal,1
android:typeface,1
android.R.attr#src},1
pit.feat:spinnerStyle}</code></td><td></td></tr>,1
pit.feat:sectionType,1
pit.feat:searchLabel}</code></td><td></td></tr>,1
pit.feat:textAppearanceSmallPopupMenu}</code></td><td></td></tr>,1
android:baselineAligned}</code></td><td></td></tr>,1
pit.feat:contentPaddingTop}</code></td><td></td></tr>,1
pit.feat:titleTextAppearance}</code></td><td></td></tr>,1
5/27/14,1
node,1
DrawerArrowToggle,1
android:itemIconDisabledAlpha,1
android.R.attr#orientation},1
textview.setWidth(item_view.getWidth());,1
if(user,1
pit.feat:colorPrimary}</code></td><td></td></tr>,1
dot4.setImageDrawable(ctx.getDrawable(R.drawable.selecteditem_dot));,1
AppCompatTextView,1
pit.feat:multiChoiceItemLayout,1
pit.feat:subsectionSeparator}</code></td><td></td></tr>,1
pit.feat:initialActivityCount}</code></td><td></td></tr>,1
pit.feat:windowNoTitle}</code></td><td></td></tr>,1
PAGE,1
android:checked,1
pit.feat:itemPadding,1
pit.feat:seekBarStyle}</code></td><td></td></tr>,1
android:layout_weight,1
pit.feat:allowShortcuts}</code></td><td></td></tr>,1
pit.feat:actionBarTabStyle}</code></td><td></td></tr>,1
false,1
pit.feat.R.attr#listDividerAlertDialog},1
android:horizontalDivider}</code></td><td></td></tr>,1
pit.feat:buttonBarStyle}</code></td><td></td></tr>,1
pit.feat.R.attr#checkedTextViewStyle},1
To,1
pit.feat:actionModeCopyDrawable}</code></td><td></td></tr>,1
14/05/2016,1
pit.feat:listItemLayout,1
pit.feat.R.attr#trimmable},1
pit.feat.R.attr#editTextColor},1
pit.feat:theme,1
prices,1
item_view.findViewById(R.id.viewPager_dot4);,1
viewpager.addOnPageChangeListener(new,1
pit.feat.R.attr#actionModeCloseDrawable},1
pit.feat:isAnimate,1
\5000,\,1
pit.feat.R.attr#actionModeCopyDrawable},1
pit.feat:queryBackground}</code></td><td></td></tr>,1
pit.feat:contentPaddingLeft,1
callback,1
#SectionFeature},1
pit.feat.R.attr#buttonBarStyle},1
android.R.attr#baselineAlignedChildIndex},1
pit.feat.R.attr#layout},1
\locationManager.requestLocationUpdates("\gps"\,\,1
pit.feat.R.attr#com_facebook_auxiliary_view_position},1
pit.feat.R.attr#cardMaxElevation},1
pit.feat:icon,1
pit.feat.R.attr#searchEnabled},1
android:thumb,1
pit.feat.R.attr#buttonBarButtonStyle},1
pit.feat:panelBackground}</code></td><td></td></tr>,1
pit.feat:contentPaddingBottom}</code></td><td></td></tr>,1
dot2,1
testgroupData,1
pit.feat:toAddressesSection}</code></td><td></td></tr>,1
pit.feat.R.attr#alertDialogCenterButtons},1
pit.feat.R.attr#titleMarginStart},1
pit.feat:cardUseCompatPadding}</code></td><td></td></tr>,1
pit.feat:srcCompat,1
android:textAppearance,1
pit.feat.R.attr#queryHint},1
android:weightSum,1
\30,\,1
pit.feat:defaultQueryHint}</code></td><td></td></tr>,1
pit.feat:controlBackground}</code></td><td></td></tr>,1
android.R.attr#textOn},1
pit.feat.R.attr#titleMarginEnd},1
SearchView,1
pit.feat.R.attr#contentPaddingBottom},1
pit.feat:windowMinWidthMajor}</code></td><td></td></tr>,1
pit.feat:editTextStyle}</code></td><td></td></tr>,1
TextView,1
pit.feat.R.attr#actionProviderClass},1
pit.feat:actionModeCloseDrawable,1
Firebase,1
pit.feat:com_facebook_auxiliary_view_position}</code></td><td></td></tr>,1
pit.feat.R.attr#popupMenuStyle},1
pit.feat.R.attr#userInputValue},1
pit.feat:colorButtonNormal,1
pit.feat.R.attr#expandActivityOverflowButtonDrawable},1
pit.feat:sl_fillColor,1
pit.feat.R.attr#allowShortcuts},1
pit.feat:paddingStart}</code></td><td></td></tr>,1
pit.feat:actionMenuTextAppearance,1
android:layout_width}</code></td><td></td></tr>,1
android:dropDownWidth}</code></td><td></td></tr>,1
android:dropDownWidth,1
Database,1
pit.feat:schemaOrgProperty}</code></td><td></td></tr>,1
pit.feat:noIndex,1
pit.feat:listDividerAlertDialog}</code></td><td></td></tr>,1
pit.feat:layout}</code></td><td></td></tr>,1
android:textColor}</code></td><td></td></tr>,1
pit.feat:sl_cornerRadius,1
android.R.attr#itemBackground},1
1){,1
ActionBarLayout,1
android:prompt}</code></td><td></td></tr>,1
pit.feat.R.attr#colorAccent},1
pit.feat:actionBarTabTextStyle}</code></td><td></td></tr>,1
pit.feat:cardBackgroundColor,1
pit.feat.R.attr#actionLayout},1
AppDataSearch,1
pit.feat.R.attr#buttonStyle},1
pit.feat.R.attr#colorSwitchThumbNormal},1
pit.feat:activityChooserViewStyle,1
pit.feat:corpusId,1
pit.feat:allowShortcuts,1
android:numericShortcut}</code></td><td></td></tr>,1
pit.feat:actionModeFindDrawable}</code></td><td></td></tr>,1
5/12/2015,1
pit.feat:navigationMode}</code></td><td></td></tr>,1
pit.feat.R.attr#icon},1
PopupWindow,1
android:onClick}</code></td><td></td></tr>,1
pit.feat:actionBarTabBarStyle}</code></td><td></td></tr>,1
pit.feat.R.attr#actionBarTabBarStyle},1
android:headerBackground}</code></td><td></td></tr>,1
pit.feat:commitIcon,1
pit.feat:switchStyle}</code></td><td></td></tr>,1
pit.feat.R.attr#colorPrimary},1
CompoundButton,1
pit.feat.R.attr#actionOverflowMenuStyle},1
//textview.setTextSize(25);,1
pit.feat:thickness,1
pit.feat:layout,1
pit.feat.R.attr#windowFixedWidthMajor},1
pit.feat:overlapAnchor}</code></td><td></td></tr>,1
pit.feat.R.attr#alertDialogTheme},1
android.R.attr#prompt},1
pit.feat:com_facebook_preset_size,1
pit.feat:backgroundStacked}</code></td><td></td></tr>,1
pit.feat.R.attr#defaultIntentActivity},1
android:textOff,1
pit.feat:actionBarTheme}</code></td><td></td></tr>,1
android:itemBackground}</code></td><td></td></tr>,1
pit.feat:searchHintIcon,1
pit.feat:windowActionBarOverlay}</code></td><td></td></tr>,1
/*,1
pit.feat.R.attr#paddingStart},1
pit.feat.R.attr#checkboxStyle},1
pit.feat:showDividers,1
pit.feat:cardElevation}</code></td><td></td></tr>,1
pit.feat.R.attr#buttonBarNeutralButtonStyle},1
pit.feat:alertDialogStyle,1
dots[position].setImageDrawable(ctx.getDrawable(R.drawable.selecteditem_dot));,1
pit.feat.R.attr#closeIcon},1
android:button}</code></td><td></td></tr>,1
android:itemIconDisabledAlpha}</code></td><td></td></tr>,1
android:layout_width,1
pit.feat:state_above_anchor}</code></td><td></td></tr>,1
pit.feat:spinnerStyle,1
pit.feat.R.attr#cardBackgroundColor},1
ViewBackgroundHelper,1
pit.feat.R.attr#indeterminateProgressStyle},1
pit.feat:inputEnabled,1
18/05/2016,1
//textview.setTextSize(10);,1
pit.feat:dialogPreferredPadding}</code></td><td></td></tr>,1
pit.feat.R.attr#seekBarStyle},1
pit.feat.R.attr#corpusId},1
pit.feat:borderlessButtonStyle}</code></td><td></td></tr>,1
pit.feat:actionOverflowMenuStyle,1
pit.feat:actionModePasteDrawable}</code></td><td></td></tr>,1
pit.feat:colorControlHighlight}</code></td><td></td></tr>,1
pit.feat.R.attr#colorButtonNormal},1
pit.feat.R.attr#windowMinWidthMinor},1
handleFacebookAccessToken(loginResult.getAccessToken());,1
android.R.attr#button},1
pit.feat:expandActivityOverflowButtonDrawable}</code></td><td></td></tr>,1
#ActionBarLayout},1
pit.feat.R.attr#backgroundStacked},1
pit.feat.R.attr#state_above_anchor},1
android:baselineAlignedChildIndex}</code></td><td></td></tr>,1
pit.feat:searchEnabled}</code></td><td></td></tr>,1
pit.feat.R.attr#windowFixedHeightMinor},1
android.R.attr#alphabeticShortcut},1
pit.feat:contentProviderUri,1
android.R.attr#itemIconDisabledAlpha},1
pit.feat.R.attr#com_facebook_logout_text},1
pit.feat:titleMargins,1
pit.feat.R.attr#circleCrop},1
android:textColor,1
pit.feat.R.attr#cardElevation},1
pit.feat.R.attr#isAnimate},1
pit.feat.R.attr#logoDescription},1
pit.feat:alertDialogTheme,1
pit.feat:collapseContentDescription}</code></td><td></td></tr>,1
android:theme}</code></td><td></td></tr>,1
pit.feat.R.attr#contentPaddingRight},1
pit.feat:perAccountTemplate,1
android:maxWidth,1
pit.feat.R.attr#sl_fillColor},1
goToFirstLoginFacebook();,1
\textview.setTextColor(Color.parseColor("\#b71c1c"\));\,1
pit.feat.R.attr#backgroundTintMode},1
pit.feat.R.attr#textAppearanceSearchResultTitle},1
pit.feat.R.attr#sl_dx},1
pit.feat:noIndex}</code></td><td></td></tr>,1
android:titleCondensed}</code></td><td></td></tr>,1
pit.feat:defaultIntentData}</code></td><td></td></tr>,1
AppCompatImageView,1
pit.feat:dividerHorizontal}</code></td><td></td></tr>,1
pit.feat:textColorAlertDialogListItem,1
android.R.attr#shadowColor},1
pit.feat.R.attr#panelMenuListWidth},1
pit.feat:windowMinWidthMinor}</code></td><td></td></tr>,1
pit.feat.R.attr#actionBarPopupTheme},1
pit.feat.R.attr#actionModePopupWindowStyle},1
pit.feat:closeIcon,1
pit.feat:gapBetweenBars}</code></td><td></td></tr>,1
android:itemBackground,1
pit.feat:buttonBarStyle,1
pit.feat.R.attr#buttonTintMode},1
pit.feat:elevation}</code></td><td></td></tr>,1
pit.feat:queryHint,1
\Toast.makeText(getApplicationContext(),\,1
pit.feat:selectableItemBackground,1
positionOffsetPixels),1
android.R.attr#textOff},1
textview.setTextSize(15);,1
pit.feat:cardCornerRadius,1
pit.feat.R.attr#drawableSize},1
pit.feat.R.attr#progressBarStyle},1
pit.feat.R.attr#alertDialogButtonGroupStyle},1
pit.feat.R.attr#measureWithLargestChild},1
<a,1
android:src,1
pit.feat:windowFixedHeightMinor}</code></td><td></td></tr>,1
pit.feat:com_facebook_is_cropped}</code></td><td></td></tr>,1
dot3,1
pit.feat.R.attr#actionBarItemBackground},1
2015/5/29,1
pit.feat.R.attr#actionModeSelectAllDrawable},1
pit.feat:com_facebook_horizontal_alignment}</code></td><td></td></tr>,1
pit.feat.R.attr#searchViewStyle},1
myToast,1
pit.feat.R.attr#displayOptions},1
pit.feat.R.attr#submitBackground},1
pit.feat:state_above_anchor,1
MenuItem,1
pit.feat:track,1
pit.feat.R.attr#contentPaddingTop},1
android:inputType}</code></td><td></td></tr>,1
pit.feat.R.attr#featureType},1
pit.feat.R.attr#controlBackground},1
pit.feat.R.attr#scopeUris},1
pit.feat:dividerVertical}</code></td><td></td></tr>,1
pit.feat:drawableSize}</code></td><td></td></tr>,1
